{
  "project_info": {
    "project_number": "756156446357",
    "project_id": "newsapp-9ce10",
    "storage_bucket": "newsapp-9ce10.firebasestorage.app"
  },
  "client": [
    {
      "client_info": {
        "mobilesdk_app_id": "1:756156446357:android:a086a9d23eb1408812cd9c",
        "android_client_info": {
          "package_name": "com.muhammedesadcomert.newsapp"
        }
      },
      "oauth_client": [],
      "api_key": [
        {
          "current_key": "AIzaSyBQR93ml9eySLdexagozgr8w3D0-rj8xq8"
        }
      ],
      "services": {
        "appinvite_service": {
          "other_platform_oauth_client": []
        }
      }
    }
  ],
  "configuration_version": "1"
}